SKU_ID,Region_Channel,Week_Start_Date,Actual_Demand,Historical_Forecast,Price,Promo_Flag,Promo_Depth,Event_Flag,Event_Label,Distribution_Points,Stockout_Flag,Exceptional_Event
CP-MAXFRESH-RG-125,Pakistan - General Trade (distributor sell-in),2023-10-09,290803,292200,255,0,0.0,0,,184.0,0,
CP-MAXFRESH-RG-125,Pakistan - General Trade (distributor sell-in),2023-10-16,303136,295900,255,0,0.0,0,,182.2,0,
CP-MAXFRESH-RG-125,Pakistan - General Trade (distributor sell-in),2023-10-23,422577,348600,255,1,12.5,0,,187.2,0,
CP-MAXFRESH-RG-125,Pakistan - General Trade (distributor sell-in),2023-10-30,311228,323200,255,0,0.0,0,,184.8,0,
CP-MAXFRESH-RG-125,Pakistan - General Trade (distributor sell-in),2023-11-06,325316,337300,255,0,0.0,0,,180.8,0,
CP-MAXFRESH-RG-125,Pakistan - General Trade (distributor sell-in),2023-11-13,355411,393800,255,1,5.0,0,,181.0,0,
CP-MAXFRESH-RG-125,Pakistan - General Trade (distributor sell-in),2023-11-20,337844,412700,255,1,5.0,0,,183.6,0,
CP-MAXFRESH-RG-125,Pakistan - General Trade (distributor sell-in),2023-11-27,306892,344900,255,0,0.0,0,,182.9,0,
CP-MAXFRESH-RG-125,Pakistan - General Trade (distributor sell-in),2023-12-04,320801,349600,255,0,0.0,0,,182.5,0,
CP-MAXFRESH-RG-125,Pakistan - General Trade (distributor sell-in),2023-12-11,391177,364300,255,1,10.0,0,,183.5,0,
CP-MAXFRESH-RG-125,Pakistan - General Trade (distributor sell-in),2023-12-18,396769,386300,268,1,10.0,0,,186.4,0,
CP-MAXFRESH-RG-125,Pakistan - General Trade (distributor sell-in),2023-12-25,291813,328800,268,0,0.0,0,,184.1,0,
CP-MAXFRESH-RG-125,Pakistan - General Trade (distributor sell-in),2024-01-01,276167,354800,268,0,0.0,0,,183.5,0,
CP-MAXFRESH-RG-125,Pakistan - General Trade (distributor sell-in),2024-01-08,354141,386500,268,1,10.0,0,,181.9,0,
CP-MAXFRESH-RG-125,Pakistan - General Trade (distributor sell-in),2024-01-15,293508,338600,268,0,0.0,0,,185.7,0,
CP-MAXFRESH-RG-125,Pakistan - General Trade (distributor sell-in),2024-01-22,362744,353500,268,1,7.5,0,,182.2,0,
CP-MAXFRESH-RG-125,Pakistan - General Trade (distributor sell-in),2024-01-29,296456,327900,268,0,0.0,0,,185.0,0,
CP-MAXFRESH-RG-125,Pakistan - General Trade (distributor sell-in),2024-02-05,369565,384200,268,1,10.0,0,,184.3,0,
CP-MAXFRESH-RG-125,Pakistan - General Trade (distributor sell-in),2024-02-12,285426,341200,268,0,0.0,0,,183.0,0,
CP-MAXFRESH-RG-125,Pakistan - General Trade (distributor sell-in),2024-02-19,353989,380000,268,1,10.0,0,,182.5,0,
CP-MAXFRESH-RG-125,Pakistan - General Trade (distributor sell-in),2024-02-26,327094,356000,268,0,0.0,1,Pre-Ramadan build,182.8,0,
CP-MAXFRESH-RG-125,Pakistan - General Trade (distributor sell-in),2024-03-04,367028,364600,268,0,0.0,1,Pre-Ramadan peak,183.0,0,
CP-MAXFRESH-RG-125,Pakistan - General Trade (distributor sell-in),2024-03-11,294898,361900,268,0,0.0,1,Ramadan,186.4,0,
CP-MAXFRESH-RG-125,Pakistan - General Trade (distributor sell-in),2024-03-18,330145,380400,268,0,0.0,1,Ramadan,183.0,0,
CP-MAXFRESH-RG-125,Pakistan - General Trade (distributor sell-in),2024-03-25,303206,347100,268,0,0.0,1,Ramadan,185.9,0,
CP-MAXFRESH-RG-125,Pakistan - General Trade (distributor sell-in),2024-04-01,368516,355000,268,0,0.0,1,Eid shopping peak,184.4,0,
CP-MAXFRESH-RG-125,Pakistan - General Trade (distributor sell-in),2024-04-08,274936,362300,268,0,0.0,1,Eid holiday week,183.9,0,
CP-MAXFRESH-RG-125,Pakistan - General Trade (distributor sell-in),2024-04-15,385476,352500,268,1,12.5,0,,185.0,0,
CP-MAXFRESH-RG-125,Pakistan - General Trade (distributor sell-in),2024-04-22,271767,320200,281,0,0.0,0,,181.5,0,
CP-MAXFRESH-RG-125,Pakistan - General Trade (distributor sell-in),2024-04-29,313540,323300,281,0,0.0,0,,186.2,0,
CP-MAXFRESH-RG-125,Pakistan - General Trade (distributor sell-in),2024-05-06,362680,368900,281,1,10.0,0,,183.8,0,
CP-MAXFRESH-RG-125,Pakistan - General Trade (distributor sell-in),2024-05-13,448292,383800,281,1,10.0,0,,186.5,0,
CP-MAXFRESH-RG-125,Pakistan - General Trade (distributor sell-in),2024-05-20,311387,358400,281,0,0.0,0,,187.4,0,
CP-MAXFRESH-RG-125,Pakistan - General Trade (distributor sell-in),2024-05-27,314741,361400,281,0,0.0,0,,183.8,0,
CP-MAXFRESH-RG-125,Pakistan - General Trade (distributor sell-in),2024-06-03,445811,398600,281,1,12.5,0,,188.0,0,
CP-MAXFRESH-RG-125,Pakistan - General Trade (distributor sell-in),2024-06-10,251660,369900,281,0,0.0,0,,185.1,0,Competitor aggressive promotion (rival brand price-off)
CP-MAXFRESH-RG-125,Pakistan - General Trade (distributor sell-in),2024-06-17,271606,340100,281,0,0.0,0,,183.5,0,Competitor aggressive promotion (rival brand price-off)
CP-MAXFRESH-RG-125,Pakistan - General Trade (distributor sell-in),2024-06-24,383293,345100,281,1,10.0,0,,186.9,0,
CP-MAXFRESH-RG-125,Pakistan - General Trade (distributor sell-in),2024-07-01,285647,329800,281,0,0.0,0,,186.1,0,
CP-MAXFRESH-RG-125,Pakistan - General Trade (distributor sell-in),2024-07-08,296317,293300,281,0,0.0,0,,184.1,0,
CP-MAXFRESH-RG-125,Pakistan - General Trade (distributor sell-in),2024-07-15,292145,314600,281,0,0.0,0,,186.1,0,
CP-MAXFRESH-RG-125,Pakistan - General Trade (distributor sell-in),2024-07-22,289507,313200,281,0,0.0,0,,188.6,0,
CP-MAXFRESH-RG-125,Pakistan - General Trade (distributor sell-in),2024-07-29,290820,300400,281,0,0.0,0,,184.0,0,
CP-MAXFRESH-RG-125,Pakistan - General Trade (distributor sell-in),2024-08-05,316019,286700,281,0,0.0,0,,186.5,0,
CP-MAXFRESH-RG-125,Pakistan - General Trade (distributor sell-in),2024-08-12,306916,318200,281,0,0.0,0,,185.8,0,
CP-MAXFRESH-RG-125,Pakistan - General Trade (distributor sell-in),2024-08-19,399224,345400,292,1,12.5,0,,189.2,0,
CP-MAXFRESH-RG-125,Pakistan - General Trade (distributor sell-in),2024-08-26,308388,322700,292,0,0.0,0,,189.4,0,
CP-MAXFRESH-RG-125,Pakistan - General Trade (distributor sell-in),2024-09-02,305923,329600,292,0,0.0,0,,187.1,0,
CP-MAXFRESH-RG-125,Pakistan - General Trade (distributor sell-in),2024-09-09,397302,364800,292,1,10.0,0,,190.1,0,
CP-MAXFRESH-RG-125,Pakistan - General Trade (distributor sell-in),2024-09-16,385944,409500,292,1,10.0,0,,187.9,0,
CP-MAXFRESH-RG-125,Pakistan - General Trade (distributor sell-in),2024-09-23,288488,366100,292,0,0.0,0,,190.9,0,
CP-MAXFRESH-RG-125,Pakistan - General Trade (distributor sell-in),2024-09-30,328403,341600,292,0,0.0,0,,189.0,0,
CP-MAXFRESH-RG-125,Pakistan - General Trade (distributor sell-in),2024-10-07,307665,361400,292,0,0.0,0,,189.8,0,
CP-MAXFRESH-RG-125,Pakistan - General Trade (distributor sell-in),2024-10-14,340231,356300,292,0,0.0,0,,189.5,0,
CP-MAXFRESH-RG-125,Pakistan - General Trade (distributor sell-in),2024-10-21,295448,320300,292,0,0.0,0,,190.7,0,
CP-MAXFRESH-RG-125,Pakistan - General Trade (distributor sell-in),2024-10-28,324036,312300,292,0,0.0,0,,188.8,0,
CP-MAXFRESH-RG-125,Pakistan - General Trade (distributor sell-in),2024-11-04,269881,313500,292,0,0.0,0,,189.3,0,
CP-MAXFRESH-RG-125,Pakistan - General Trade (distributor sell-in),2024-11-11,316009,295600,292,0,0.0,0,,190.9,0,
CP-MAXFRESH-RG-125,Pakistan - General Trade (distributor sell-in),2024-11-18,295892,287500,292,0,0.0,0,,188.7,0,
CP-MAXFRESH-RG-125,Pakistan - General Trade (distributor sell-in),2024-11-25,401586,343300,292,1,5.0,0,,191.2,0,
CP-MAXFRESH-RG-125,Pakistan - General Trade (distributor sell-in),2024-12-02,304845,337200,292,0,0.0,0,,190.7,0,
CP-MAXFRESH-RG-125,Pakistan - General Trade (distributor sell-in),2024-12-09,241966,311000,292,0,0.0,0,,189.6,1,
CP-MAXFRESH-RG-125,Pakistan - General Trade (distributor sell-in),2024-12-16,319297,327600,302,0,0.0,0,,188.4,0,
CP-MAXFRESH-RG-125,Pakistan - General Trade (distributor sell-in),2024-12-23,322904,317900,302,0,0.0,0,,189.4,0,
CP-MAXFRESH-RG-125,Pakistan - General Trade (distributor sell-in),2024-12-30,329670,298200,302,0,0.0,0,,189.3,0,
CP-MAXFRESH-RG-125,Pakistan - General Trade (distributor sell-in),2025-01-06,373133,334800,302,1,10.0,0,,189.6,0,
CP-MAXFRESH-RG-125,Pakistan - General Trade (distributor sell-in),2025-01-13,416498,396700,302,1,10.0,0,,189.2,0,
CP-MAXFRESH-RG-125,Pakistan - General Trade (distributor sell-in),2025-01-20,221522,376300,302,0,0.0,0,,190.7,1,Supply disruption: imported raw-material/tube delay
CP-MAXFRESH-RG-125,Pakistan - General Trade (distributor sell-in),2025-01-27,258227,329300,302,0,0.0,0,,191.2,1,Supply disruption: imported raw-material/tube delay
CP-MAXFRESH-RG-125,Pakistan - General Trade (distributor sell-in),2025-02-03,343387,310800,302,0,0.0,0,,188.6,0,Post-disruption backlog catch-up
CP-MAXFRESH-RG-125,Pakistan - General Trade (distributor sell-in),2025-02-10,339429,330600,302,0,0.0,1,Pre-Ramadan build,194.4,0,
CP-MAXFRESH-RG-125,Pakistan - General Trade (distributor sell-in),2025-02-17,323810,307200,302,0,0.0,1,Pre-Ramadan peak,191.3,1,
CP-MAXFRESH-RG-125,Pakistan - General Trade (distributor sell-in),2025-02-24,447220,379700,302,1,15.0,1,Ramadan,191.0,0,
CP-MAXFRESH-RG-125,Pakistan - General Trade (distributor sell-in),2025-03-03,424303,459500,302,1,15.0,1,Ramadan,192.1,0,
CP-MAXFRESH-RG-125,Pakistan - General Trade (distributor sell-in),2025-03-10,265610,406900,302,0,0.0,1,Ramadan,194.3,0,
CP-MAXFRESH-RG-125,Pakistan - General Trade (distributor sell-in),2025-03-17,311265,395700,302,0,0.0,1,Ramadan,191.3,0,
CP-MAXFRESH-RG-125,Pakistan - General Trade (distributor sell-in),2025-03-24,386591,401200,302,0,0.0,1,Eid shopping peak,194.3,0,
CP-MAXFRESH-RG-125,Pakistan - General Trade (distributor sell-in),2025-03-31,257216,368800,302,0,0.0,1,Eid holiday week,191.7,0,
CP-MAXFRESH-RG-125,Pakistan - General Trade (distributor sell-in),2025-04-07,311661,299600,302,0,0.0,0,,193.8,0,
CP-MAXFRESH-RG-125,Pakistan - General Trade (distributor sell-in),2025-04-14,362499,368200,302,1,7.5,0,,190.9,0,
CP-MAXFRESH-RG-125,Pakistan - General Trade (distributor sell-in),2025-04-21,347479,374100,311,1,7.5,0,,194.8,0,
CP-MAXFRESH-RG-125,Pakistan - General Trade (distributor sell-in),2025-04-28,265517,328300,311,0,0.0,0,,194.4,0,
CP-MAXFRESH-RG-125,Pakistan - General Trade (distributor sell-in),2025-05-05,296443,331000,311,0,0.0,0,,195.9,0,
CP-MAXFRESH-RG-125,Pakistan - General Trade (distributor sell-in),2025-05-12,454986,358200,311,1,10.0,0,,192.5,0,
CP-MAXFRESH-RG-125,Pakistan - General Trade (distributor sell-in),2025-05-19,392343,372800,311,1,10.0,0,,196.0,0,
CP-MAXFRESH-RG-125,Pakistan - General Trade (distributor sell-in),2025-05-26,280754,352400,311,0,0.0,0,,190.8,0,
CP-MAXFRESH-RG-125,Pakistan - General Trade (distributor sell-in),2025-06-02,388597,398400,311,1,12.5,0,,194.6,0,
CP-MAXFRESH-RG-125,Pakistan - General Trade (distributor sell-in),2025-06-09,277716,390400,311,0,0.0,0,,198.8,0,
CP-MAXFRESH-RG-125,Pakistan - General Trade (distributor sell-in),2025-06-16,310525,326500,311,0,0.0,0,,196.6,0,
CP-MAXFRESH-RG-125,Pakistan - General Trade (distributor sell-in),2025-06-23,395834,352400,311,1,10.0,0,,193.0,0,
CP-MAXFRESH-RG-125,Pakistan - General Trade (distributor sell-in),2025-06-30,311911,353700,311,0,0.0,0,,196.5,0,
CP-MAXFRESH-RG-125,Pakistan - General Trade (distributor sell-in),2025-07-07,330218,338100,311,0,0.0,0,,194.2,0,
CP-MAXFRESH-RG-125,Pakistan - General Trade (distributor sell-in),2025-07-14,412695,381900,311,1,10.0,0,,192.7,0,
CP-MAXFRESH-RG-125,Pakistan - General Trade (distributor sell-in),2025-07-21,284140,358200,311,0,0.0,0,,193.8,0,
CP-MAXFRESH-RG-125,Pakistan - General Trade (distributor sell-in),2025-07-28,388129,393900,311,1,7.5,0,,195.6,0,
CP-MAXFRESH-RG-125,Pakistan - General Trade (distributor sell-in),2025-08-04,303347,370800,311,0,0.0,0,,195.6,0,
CP-MAXFRESH-RG-125,Pakistan - General Trade (distributor sell-in),2025-08-11,376007,399500,320,1,15.0,0,,195.1,0,
CP-MAXFRESH-RG-125,Pakistan - General Trade (distributor sell-in),2025-08-18,431858,405100,320,1,15.0,0,,194.7,0,
CP-MAXFRESH-RG-125,Pakistan - General Trade (distributor sell-in),2025-08-25,261008,382000,320,0,0.0,0,,196.7,0,Heavy-rain flooding disrupts Karachi distribution
CP-MAXFRESH-RG-125,Pakistan - General Trade (distributor sell-in),2025-09-01,327243,346300,320,0,0.0,0,,193.9,0,
CP-MAXFRESH-RG-125,Pakistan - General Trade (distributor sell-in),2025-09-08,430433,408400,320,1,15.0,0,,193.5,0,
CP-MAXFRESH-RG-125,Pakistan - General Trade (distributor sell-in),2025-09-15,319251,354300,320,0,0.0,0,,195.0,0,
CP-MAXFRESH-RG-125,Pakistan - General Trade (distributor sell-in),2025-09-22,305778,340000,320,0,0.0,0,,196.1,0,
CP-MAXFRESH-RG-125,Pakistan - General Trade (distributor sell-in),2025-09-29,295709,336000,320,0,0.0,0,,194.0,0,
CP-MAXFRESH-RG-125,Pakistan - General Trade (distributor sell-in),2025-10-06,367411,376500,320,1,5.0,0,,193.3,0,
CP-MAXFRESH-RG-125,Pakistan - General Trade (distributor sell-in),2025-10-13,281688,341400,320,0,0.0,0,,192.2,0,
CP-MAXFRESH-RG-125,Pakistan - General Trade (distributor sell-in),2025-10-20,290625,331700,320,0,0.0,0,,192.2,0,
CP-MAXFRESH-RG-125,Pakistan - General Trade (distributor sell-in),2025-10-27,425227,365500,320,1,12.5,0,,192.9,0,
CP-MAXFRESH-RG-125,Pakistan - General Trade (distributor sell-in),2025-11-03,411530,390900,320,1,12.5,0,,193.2,0,
CP-MAXFRESH-RG-125,Pakistan - General Trade (distributor sell-in),2025-11-10,304694,361600,320,0,0.0,0,,194.0,0,
CP-MAXFRESH-RG-125,Pakistan - General Trade (distributor sell-in),2025-11-17,391121,423700,320,1,10.0,0,,194.9,0,
CP-MAXFRESH-RG-125,Pakistan - General Trade (distributor sell-in),2025-11-24,266495,380200,320,0,0.0,0,,194.4,0,
CP-MAXFRESH-RG-125,Pakistan - General Trade (distributor sell-in),2025-12-01,373394,380600,328,1,10.0,0,,194.2,0,
CP-MAXFRESH-RG-125,Pakistan - General Trade (distributor sell-in),2025-12-08,286876,326900,328,0,0.0,0,,193.2,0,
CP-MAXFRESH-RG-125,Pakistan - General Trade (distributor sell-in),2025-12-15,346525,375500,328,1,3.0,0,,193.7,0,
CP-MAXFRESH-RG-125,Pakistan - General Trade (distributor sell-in),2025-12-22,271123,339000,328,0,0.0,0,,193.7,0,
CP-MAXFRESH-RG-125,Pakistan - General Trade (distributor sell-in),2025-12-29,288827,323300,328,0,0.0,0,,190.6,0,
CP-MAXFRESH-RG-125,Pakistan - General Trade (distributor sell-in),2026-01-05,299873,303500,328,0,0.0,0,,194.5,0,
CP-MAXFRESH-RG-125,Pakistan - General Trade (distributor sell-in),2026-01-12,319196,296900,328,0,0.0,0,,192.3,0,
CP-MAXFRESH-RG-125,Pakistan - General Trade (distributor sell-in),2026-01-19,347892,283200,328,0,0.0,0,,194.4,0,
CP-MAXFRESH-RG-125,Pakistan - General Trade (distributor sell-in),2026-01-26,380176,365000,328,1,5.0,0,,195.4,0,
CP-MAXFRESH-RG-125,Pakistan - General Trade (distributor sell-in),2026-02-02,286016,365100,328,0,0.0,1,Pre-Ramadan build,193.2,0,
CP-MAXFRESH-RG-125,Pakistan - General Trade (distributor sell-in),2026-02-09,358641,362900,328,0,0.0,1,Pre-Ramadan peak,196.1,0,
CP-MAXFRESH-RG-125,Pakistan - General Trade (distributor sell-in),2026-02-16,288294,359900,328,0,0.0,1,Ramadan,191.1,0,
CP-MAXFRESH-RG-125,Pakistan - General Trade (distributor sell-in),2026-02-23,239148,361600,328,0,0.0,1,Ramadan,193.3,1,
CP-MAXFRESH-RG-125,Pakistan - General Trade (distributor sell-in),2026-03-02,291726,317800,328,0,0.0,1,Ramadan,197.1,0,
CP-MAXFRESH-RG-125,Pakistan - General Trade (distributor sell-in),2026-03-09,346209,304600,328,0,0.0,1,Eid shopping peak,197.0,0,
CP-MAXFRESH-RG-125,Pakistan - General Trade (distributor sell-in),2026-03-16,266959,309300,328,0,0.0,1,Eid holiday week,195.6,0,
CP-MAXFRESH-RG-125,Pakistan - General Trade (distributor sell-in),2026-03-23,305551,317400,328,1,5.0,0,,197.4,0,
CP-MAXFRESH-RG-125,Pakistan - General Trade (distributor sell-in),2026-03-30,264323,302400,328,0,0.0,0,,196.9,0,
CP-MAXFRESH-RG-125,Pakistan - General Trade (distributor sell-in),2026-04-06,312475,341400,338,1,5.0,0,,197.6,0,
CP-MAXFRESH-RG-125,Pakistan - General Trade (distributor sell-in),2026-04-13,305988,281700,338,0,0.0,0,,197.7,0,
CP-MAXFRESH-RG-125,Pakistan - General Trade (distributor sell-in),2026-04-20,322116,296800,338,0,0.0,0,,200.1,0,
CP-MAXFRESH-RG-125,Pakistan - General Trade (distributor sell-in),2026-04-27,332651,306200,338,0,0.0,0,,194.9,0,
CP-MAXFRESH-RG-125,Pakistan - General Trade (distributor sell-in),2026-05-04,374426,313000,338,0,0.0,0,,197.9,0,Viral social-media campaign
CP-MAXFRESH-RG-125,Pakistan - General Trade (distributor sell-in),2026-05-11,348101,331000,338,0,0.0,0,,198.9,0,Viral social-media campaign (fading)
CP-MAXFRESH-RG-125,Pakistan - General Trade (distributor sell-in),2026-05-18,320018,347200,338,0,0.0,0,,197.0,0,
CP-MAXFRESH-RG-125,Pakistan - General Trade (distributor sell-in),2026-05-25,300199,353100,338,0,0.0,0,,196.3,0,
CP-MAXFRESH-RG-125,Pakistan - General Trade (distributor sell-in),2026-06-01,403715,389200,338,1,10.0,0,,197.0,0,
CP-MAXFRESH-RG-125,Pakistan - General Trade (distributor sell-in),2026-06-08,283439,339900,338,0,0.0,0,,199.8,0,
CP-MAXFRESH-RG-125,Pakistan - General Trade (distributor sell-in),2026-06-15,298117,323100,338,0,0.0,0,,199.1,0,
CP-MAXFRESH-RG-125,Pakistan - General Trade (distributor sell-in),2026-06-22,296498,324100,338,0,0.0,0,,198.4,0,
CP-MAXFRESH-RG-125,Pakistan - General Trade (distributor sell-in),2026-06-29,423592,360700,338,1,5.0,0,,199.4,0,
CP-MAXFRESH-RG-125,Pakistan - General Trade (distributor sell-in),2026-07-06,372555,356900,338,1,5.0,0,,199.7,0,
CP-MAXFRESH-RG-125,Pakistan - General Trade (distributor sell-in),2026-07-13,315945,341400,338,0,0.0,0,,198.1,0,
CP-MAXFRESH-RG-125,Pakistan - General Trade (distributor sell-in),2026-07-20,434028,410400,338,1,7.5,0,,198.2,0,
CP-MAXFRESH-RG-125,Pakistan - General Trade (distributor sell-in),2026-07-27,283072,392900,348,0,0.0,0,,198.1,0,
CP-MAXFRESH-RG-125,Pakistan - General Trade (distributor sell-in),2026-08-03,293820,355600,348,0,0.0,0,,198.3,0,
CP-MAXFRESH-RG-125,Pakistan - General Trade (distributor sell-in),2026-08-10,267142,342900,348,0,0.0,0,,201.9,1,
CP-MAXFRESH-RG-125,Pakistan - General Trade (distributor sell-in),2026-08-17,378435,359100,348,1,7.5,0,,200.3,0,
CP-MAXFRESH-RG-125,Pakistan - General Trade (distributor sell-in),2026-08-24,382840,337500,348,1,7.5,0,,198.1,0,
CP-MAXFRESH-RG-125,Pakistan - General Trade (distributor sell-in),2026-08-31,292158,332000,348,0,0.0,0,,198.1,0,
CP-MAXFRESH-RG-125,Pakistan - General Trade (distributor sell-in),2026-09-07,299716,335000,348,0,0.0,0,,199.0,0,
CP-MAXFRESH-RG-125,Pakistan - General Trade (distributor sell-in),2026-09-14,298459,328500,348,0,0.0,0,,199.9,0,
CP-MAXFRESH-RG-125,Pakistan - General Trade (distributor sell-in),2026-09-21,309415,321200,348,0,0.0,0,,199.9,0,
CP-MAXFRESH-RG-125,Pakistan - General Trade (distributor sell-in),2026-09-28,313792,314000,348,0,0.0,0,,203.0,0,
